Country Code,Country name,Year,CO2_Totales,CO2_Percap,CO2_PIB,PIB,Exportaciones,Importaciones,Indice_Apertura
ARG,Argentina,1990,11.631717502524056,3.44991254024438,462.560559701143,25.6745216787432,10.359536592526384,4.631322407417753,14.990858999944138
ARG,Argentina,1991,11.670111282674432,3.5360727831825,426.614517117445,25.96881508349713,7.675043348322166,6.078010810566982,13.75305415888915
ARG,Argentina,1992,11.707236303895845,3.62096868568039,395.5218800236,26.156023982112817,6.598187472037402,8.132793114315644,14.730980586353047
ARG,Argentina,1993,11.683588617567274,3.49034762044121,364.733889353363,26.19028562051441,6.909351533708319,9.313799914075634,16.223151447783955
ARG,Argentina,1994,11.722785548376567,3.58365149781153,358.39743050185405,26.274052353130184,7.529948725916719,10.604397141081417,18.134345866998135
ARG,Argentina,1995,11.716253768588622,3.51590619581147,366.49153863220005,26.276348972932954,9.680410259590147,10.09101283078536,19.771423090375507
ARG,Argentina,1996,11.769254213839764,3.66189622823494,366.200925766594,26.329618332434347,10.428596756013922,11.07787164970756,21.506468405721485
ARG,Argentina,1997,11.81064134746396,3.77091353030549,353.039719448941,26.402956719685793,10.560850101926183,12.775328741817734,23.336178843743916
ARG,Argentina,1998,11.832642746563442,3.81002385467109,347.513280894518,26.423536693884007,10.41558196109193,12.934446011976988,23.35002797306892
ARG,Argentina,1999,11.887850434483799,3.98150323024565,380.106500750897,26.370559166157307,9.827174514942351,11.555570447547465,21.382744962489816
ARG,Argentina,2000,11.857059872046687,3.8200410395587,371.512382998446,26.3729572308477,10.986375232557629,11.636069545176655,22.622444777734284
ARG,Argentina,2001,11.85276181518198,3.76578553881501,386.980372555108,26.316849127945314,11.5790080825317,10.273247369013582,21.852255451545282
ARG,Argentina,2002,11.78605423751721,3.48954400390468,406.26893907844504,25.348634005974947,28.382596999168214,13.370127359395994,41.75272435856421
ARG,Argentina,2003,11.86603898556283,3.74591018069379,404.365252959833,25.587696267480545,25.93094292642245,14.7138051046861,40.64474803110855
ARG,Argentina,2004,11.951183124929917,4.04270416734892,403.837967128447,25.75454968719269,23.84761942398915,16.845026684957805,40.69264610894696
ARG,Argentina,2005,11.976182090540018,4.10856487964921,379.249612507937,25.933808311141544,23.24587673385756,17.305394236766247,40.551270970623804
ARG,Argentina,2006,12.075555499781395,4.4979746744619,386.178946395984,26.089551295672358,23.026694603811514,17.406785268103604,40.43347987191512
ARG,Argentina,2007,12.121210054608916,4.66692219526354,372.025788739014,26.28689965692005,22.66275031150658,18.2824203070644,40.945170618570984
ARG,Argentina,2008,12.167218266068511,4.84405273889016,364.881581650156,26.512236751610857,22.060900382624236,18.341772996413997,40.402673379038234
ARG,Argentina,2009,13.661156712083525,8.32529902395891,841.2467996465484,26.45037991680156,19.56098505608181,14.49614184940606,34.05712690548787
ARG,Argentina,2010,14.196398808132239,3.08031343372194,1135.459965407319,26.63328157279036,18.933823405370887,16.03718985819868,34.97101326356957
BRA,Brazil,1990,12.249548657428507,1.39583495127297,194.548021869716,26.858726354616067,8.1972364845005,6.958362596521317,15.155599081021817
BRA,Brazil,1991,12.298335477792923,1.44157142038667,201.231976665919,26.732908734361445,8.677636598878678,7.914441163785954,16.59207776266463
BRA,Brazil,1992,12.30458555022237,1.42775731935799,203.44353794032799,26.69086421804009,10.868311660593474,8.38506312730241,19.253374787895883
BRA,Brazil,1993,12.349040924717901,1.46980558575786,203.21161129679598,26.80616831365245,10.50327165541441,9.096048892049126,19.599320547463535
BRA,Brazil,1994,12.397329215936947,1.51917316592036,202.46492525972002,27.026312157739415,9.513076427020039,9.161683369082233,18.674759796102272
BRA,Brazil,1995,12.526575363313798,1.70260845470707,220.653171239232,27.368293319788314,7.528875038470733,9.455584960724819,16.98445999919555
BRA,Brazil,1996,12.615676012554603,1.8330255777257,236.139001686932,27.456290570478554,6.730209683126849,8.905381792741316,15.635591475868164
BRA,Brazil,1997,12.67981883764245,1.9248604631384,243.56188825479398,27.493137394203018,6.983649575308945,9.592559686015747,16.576209261324692
BRA,Brazil,1998,12.657188213137035,1.85356871479972,238.021670444264,27.46121274342531,7.030500338718067,9.408084592487837,16.438584931205902
BRA,Brazil,1999,12.682520910304202,1.87318790344127,243.517542085277,27.098057565632498,9.5648982609794,11.41726821724905,20.98216647822845
BRA,Brazil,2000,12.70722768557012,1.8926450310814,239.299495675699,27.192053769496884,10.188048004379477,12.451713352414597,22.639761356794075
BRA,Brazil,2001,12.736389759959067,1.92164029567756,243.193974661765,27.039676048510216,12.371710669930001,14.564574352134036,26.936285022064038
BRA,Brazil,2002,12.72244028989108,1.86952561293602,233.614852946971,26.946280955086053,14.230590271377547,13.387767130853392,27.61835740223094
BRA,Brazil,2003,12.69082074818754,1.78796284095263,223.772176110069,27.037663681947688,15.18078370868613,12.959601014473154,28.140384723159286
BRA,Brazil,2004,12.740126431565836,1.85544359148851,222.379004046509,27.221186475302442,16.545761511935275,13.132490966818263,29.67825247875354
BRA,Brazil,2005,12.765595512005675,1.88167746530881,221.128592975773,27.50566795218276,15.243829267264639,11.842965938314734,27.08679520557937
BRA,Brazil,2006,12.772924228985229,1.8756387982433,214.27960425455,27.716204996858128,14.374316300300583,11.667383585004536,26.04169988530512
BRA,Brazil,2007,12.816839034101449,1.94084420879517,211.043520748119,27.942895176807898,13.327675103098999,11.964936270580836,25.292611373679833
BRA,Brazil,2008,12.882123879626226,2.052903303498,214.21866193542598,28.133390423157913,13.534000512403505,13.723568904076036,27.25756941647954
BRA,Brazil,2009,14.71534599159221,2.78257436558011,623.9764493785431,28.09757484800647,10.85137113409795,11.254604470608825,22.105975604706778
BRA,Brazil,2010,15.527341057550377,4.260644800238115,1088.29210731897,28.367174888870643,10.865584774696483,11.906593337308442,22.772178112004923
CHN,China,1990,14.715974308115953,2.16770307659104,1969.45727886944,26.60082485572045,13.614710169642036,10.65842193859213,24.273132108234165
CHN,China,1991,14.765057431014888,2.24590127565651,1894.26378182123,26.662037838134676,14.487878144834212,11.461845958246434,25.949724103080648
CHN,China,1992,14.80727309928598,2.31420729031649,1730.24811006405,26.769836082500206,15.658219675339206,14.487496778258455,30.14571645359766
CHN,China,1993,14.872847280166702,2.44280065934625,1620.6231453774,26.811178323102855,16.70229455029944,19.353783317948654,36.056077868248096
CHN,China,1994,14.933350579950513,2.56599389177193,1522.2839953673,27.04981721015307,18.536841051673044,17.23315239684908,35.76999344852212
CHN,China,1995,15.015561225758677,2.75575496636525,1490.2796292881799,27.313576775116736,17.95255937200781,16.324479466366355,34.27703883837417
CHN,China,1996,15.057671561141703,2.84430958153669,1413.06899125232,27.475635191031092,17.92324165903184,15.89140213025228,33.81464378928412
CHN,China,1997,15.059523945412085,2.82056789057578,1295.23235487058,27.582516238793993,19.493204434652807,15.039883741397386,34.53308817605019
CHN,China,1998,15.016783075495153,2.67674598026467,1151.2424624181601,27.650292803601374,18.342006982236978,14.082133152075823,32.4241401343128
CHN,China,1999,15.014889510894047,2.64864924664833,1067.90387832886,27.711012681088064,18.162586457287098,15.361777789157147,33.52436424644424
CHN,China,2000,15.040808320546509,2.69686243322549,1011.01890741307,27.812075471589687,20.89370729745291,18.51732659759393,39.41103389504684
CHN,China,2001,15.064714731740786,2.74212081298895,956.1218505996379,27.91228628030005,20.312067216126007,18.21514310996005,38.527210326086056
CHN,China,2002,15.122285987944913,2.88522504139331,928.306457892502,28.005220978810144,22.64462803174193,20.102553523999077,42.74718155574101
CHN,China,2003,15.325167252362125,3.51224542766222,1033.73423682166,28.12630210406373,26.98087714399246,24.823342430750017,51.804219574742476
CHN,China,2004,15.480982057902754,4.08013890554173,1097.21337101949,28.289392503479252,31.06134133534818,28.444190078044407,59.50553141339259
CHN,China,2005,15.571645782878209,4.4411506949345,1079.37084361845,28.44501462176186,33.829927750047034,28.378094173183282,62.20802192323032
CHN,China,2006,15.674065854945248,4.89272709798477,1061.0289620444698,28.629057926296667,36.035197289784485,28.44399391038992,64.4791912001744
CHN,China,2007,15.731227254204251,5.15356401658718,983.752875964508,28.882084316614417,35.4349475807119,26.758677504459357,62.193625085171256
CHN,China,2008,15.765969802320523,5.30848878160729,929.3171626803501,29.139937209427732,32.6025028810906,25.009839360475517,57.61234224156612
CHN,China,2009,13.990443450683257,9.42846817519411,323.90161153751103,29.23870874201429,24.749913906130207,20.43506230091772,45.184976207047924
CHN,China,2010,15.399591097323704,19.3991900823694,612.4863554880731,29.402344729348567,27.185332720405103,23.531744942295237,50.71707766270034
COL,Colombia,1990,10.956705116002034,1.72685172064565,283.245332077861,24.4189770164719,18.862669028641616,15.915141351666506,34.777810380308125
COL,Colombia,1991,10.952924635415794,1.68747143092087,275.893809401515,24.44266361772,19.0945389024404,14.435379192274917,33.52991809471532
COL,Colombia,1992,11.035684622157815,1.7986704126196,285.33807344413395,24.6207757420757,16.518554695365445,17.09303664828695,33.61159134365239
COL,Colombia,1993,11.066984443073963,1.82159427101976,287.606576972322,24.74508522682053,15.184495285478441,20.992976159484268,36.177471444962706
COL,Colombia,1994,11.12094614842405,1.88758799557461,286.814722275878,25.12636263598705,14.998361834568778,20.919175615569202,35.91753745013798
COL,Colombia,1995,10.995591239467398,1.63526186916715,240.51086043813,25.250553157269213,14.533742889210261,20.963487428556355,35.497230317766615
COL,Colombia,1996,11.010792533376483,1.63081543068597,239.27570573366899,25.29962608942613,15.199461701397048,20.844645484931203,36.04410718632825
COL,Colombia,1997,11.080693807651109,1.71822123669234,248.089615329898,25.39290742897798,14.841543743470668,20.755524345208602,35.59706808867927
COL,Colombia,1998,11.09705638272834,1.71639465326698,250.75363882595803,25.312751086846383,15.00735083699117,20.901572216522613,35.90892305351378
COL,Colombia,1999,10.942210708224566,1.44522513600292,224.208109018198,25.179775405250176,18.346578750154098,17.80270056402532,36.14927931417942
COL,Colombia,2000,10.966885911495728,1.45668670631744,220.080941648501,25.332067340421517,15.915139715437993,16.75194575386873,32.66708546930672
COL,Colombia,2001,10.9379840218268,1.39213672985929,210.28217911070902,25.31581109525765,15.387135766500922,18.513976028443533,33.901111794944455
COL,Colombia,2002,10.927042061716048,1.35501262764211,202.91364027430402,25.31056836419429,14.81556967752718,18.167069536896253,32.98263921442343
COL,Colombia,2003,10.958174999634632,1.37596260262589,201.436810495694,25.276264343886066,16.575299711762653,19.94088380546733,36.51618351722998
COL,Colombia,2004,10.89252467860873,1.26865600370238,179.087608029082,25.487047043959663,16.77075142480228,19.09267550899721,35.86342693379949
COL,Colombia,2005,10.98830590749764,1.37493677475092,188.230033823926,25.71077114569423,16.971043739162855,20.45165375579214,37.422697494954996
COL,Colombia,2006,11.02779351354267,1.40884372080719,183.520195784379,25.815837408934566,17.72858775065251,21.912768209976836,39.64135596062934
COL,Colombia,2007,11.05783566957506,1.43034434247385,176.909335546661,26.05796665678464,16.433142126364626,20.665754971925715,37.09889709829034
COL,Colombia,2008,11.122843733639286,1.50425458666622,182.325197343058,26.22307676596998,18.109595135073885,21.058054281361606,39.167649416435495
COL,Colombia,2009,11.695482360736461,3.5556581530608,380.12788468848146,26.18640482829172,16.424495687575515,18.73163281988301,35.156128507458526
COL,Colombia,2010,12.401341689441603,3.7804447823099903,375.724739988489,26.386882313065875,16.340844759769144,17.923758408999007,34.26460316876815
IND,India,1990,13.445282431747799,0.812907098756349,653.64816447974,26.483638503721696,7.053350234144568,8.452911276051978,15.506261510196545
IND,India,1991,13.51149818638113,0.851501665262599,691.04494854828,26.312473267921497,8.494240770535466,8.493485780599592,16.987726551135058
IND,India,1992,13.571697650928296,0.887647929761526,695.79189460707,26.22677933958169,8.842926925020878,9.590172116807167,18.433099041828044
IND,India,1993,13.610081286974706,0.905450271257793,690.115942983425,26.34380207717991,9.834217454863262,9.817322331605114,19.651539786468376
IND,India,1994,13.6704057342346,0.944560944286156,687.294514200482,26.502483941699374,9.888084916445399,10.190059460480063,20.07814437692546
IND,India,1995,13.732179635784107,0.9869838797228,679.6460313180311,26.599036078581175,10.843968035062238,12.023480671187661,22.8674487062499
IND,India,1996,13.817732191308364,1.05635283396467,688.332464680328,26.68515715209063,10.385169271606278,11.544318599780373,21.92948787138665
IND,India,1997,13.858512473928318,1.08132320275947,689.045728183163,26.741652623908703,10.690717318378956,11.9286695486689,22.619386867047858
IND,India,1998,13.88495431405415,1.09135706685601,666.244273994411,26.754557745666837,11.01846917931019,12.68100089975455,23.69947007906474
IND,India,1999,13.950382324636015,1.14551720290261,662.362206670287,26.833571080784566,11.452064612800928,13.363533431491991,24.81559804429292
IND,India,2000,13.98665589449292,1.16806411706399,660.2199576808599,26.854887968811685,12.997236311347853,13.903686599099501,26.900922910447356
IND,India,2001,14.00102957825245,1.16597974007201,636.569139207797,26.89256032494113,12.558379633910777,13.434875119525744,25.99325475343652
IND,India,2002,14.019912524205862,1.16988703463097,625.155108894381,26.952151433872494,14.264383924314739,15.24427901074666,29.5086629350614
IND,India,2003,14.063864462549724,1.2043547530858,602.786061683717,27.119297405353546,14.947913858173406,15.644522274734577,30.592436132907984
IND,India,2004,14.113090291565367,1.24716986899132,584.791141094155,27.304699732892935,17.859124963047883,19.6446890963991,37.50381405944698
IND,India,2005,14.15989966331562,1.28919196260128,560.575983454047,27.449542165248502,19.60524669483348,22.396422920035626,42.0016696148691
IND,India,2006,14.223881272706057,1.35551418045856,546.906546841029,27.581136679945264,21.26794142219655,24.45653907706868,45.724480499265226
IND,India,2007,14.293224118533422,1.4335012506024,533.77563707564,27.848087239703098,20.79969974890322,24.886568930444756,45.686268679347975
IND,India,2008,14.37094489925259,1.52872925967118,549.7977391133551,27.824762690176538,24.097357260139106,29.270863179083523,53.368220439222625
IND,India,2009,14.471976855928942,2.34148251089206,583.5826856738785,27.953568886856885,20.400519374356367,25.872350268527367,46.272869642883734
IND,India,2010,13.865192258882402,7.0449557658737,514.665372610958,28.17857024635639,22.40093324879449,26.85427324862164,49.25520649741613
JPN,Japan,1990,13.905996248613802,8.86136010264131,339.142870802333,28.748794724049933,10.050095914740911,9.285617818181898,19.33571373292281
JPN,Japan,1991,13.91136487333635,8.88145441047119,329.99823197963,28.879423018191144,9.616174713670963,8.143276540645873,17.759451254316836
JPN,Japan,1992,13.932102195298555,9.04507381529272,334.17595936710796,28.964999083895677,9.51828502471035,7.499783799308633,17.018068824018982
JPN,Japan,1993,13.91867476490088,8.90243340078371,329.155763004012,29.10119979329815,8.9139139952642,6.809425135253315,15.723339130517516
JPN,Japan,1994,13.976071845580968,9.39628950632597,345.616388385393,29.195250846418404,8.839827126215049,6.970479106060662,15.81030623227571
JPN,Japan,1995,13.98448423349497,9.43956000924752,342.098984818254,29.291984542148132,8.816470432609586,7.573634501407652,16.390104934017238
JPN,Japan,1996,14.002639656654058,9.5878924308808,339.415303740546,29.16628369088667,9.315745083529995,8.938123142022187,18.253868225552182
JPN,Japan,1997,13.999313164129626,9.53104167624969,333.080186526999,29.08072257859867,10.383695639775445,9.399821983591435,19.78351762336688
JPN,Japan,1998,13.963228912673117,9.17005277272368,327.99569844563297,28.98091803990435,10.373806098594326,8.629380123743378,19.003186222337703
JPN,Japan,1999,13.996064349014002,9.45819624950651,339.42297149365703,29.10549456142248,9.80553900156021,8.320091715130895,18.125630716691106
JPN,Japan,2000,14.014027641340506,9.61293341215417,335.966117990876,29.171633636157484,10.463494202750487,9.098877381154939,19.562371583905424
JPN,Japan,2001,13.999718906147336,9.45557013425194,330.5835358673,29.04090608850858,10.076799963284385,9.482804508722687,19.559604472007074
JPN,Japan,2002,14.011703739030352,9.5473493507003,333.694224754598,28.996687957033025,10.855445607228663,9.5916764589296,20.447122066158265
JPN,Japan,2003,14.028395374337663,9.68729648914014,334.58142892397603,29.073009576246328,11.465801576659365,9.860323691152486,21.32612526781185
JPN,Japan,2004,14.046351213621351,9.85949158193815,331.544918626678,29.158363744060345,12.786264624786245,10.878088798111223,23.66435342289747
JPN,Japan,2005,14.029159755404011,9.69053101202915,319.71039693866,29.14663178917746,13.815895722115934,12.414058855740565,26.2299545778565
JPN,Japan,2006,14.023963504008009,9.64158997620464,311.69645673845696,29.104086926376397,15.657374046611713,14.359002052057457,30.01637609866917
JPN,Japan,2007,14.039603845336384,9.79244258955982,309.30151582607004,29.107600289236878,17.289127370722944,15.527450681156063,32.816578051879006
JPN,Japan,2008,14.004611435645568,9.46064684406225,302.186834689629,29.216137944769258,17.23554337640705,16.8939331648175,34.12947654122455
JPN,Japan,2009,13.994598471748857,9.450103426654884,322.14290975394147,29.247033918002845,12.41956574797995,11.970600785875575,24.390166533855528
JPN,Japan,2010,14.924644824955088,14.493270840804708,477.17761869631795,29.335371414163937,14.918503449642811,13.579969244196096,28.498472693838906
MEX,Mexico,1990,12.693436986133467,3.86214036950511,386.589343182858,26.29431578301156,18.70447104917174,19.81522536415795,38.51969641332969
MEX,Mexico,1991,12.726610738199055,3.91726855559541,383.439286437533,26.4741033065116,16.433390033604354,19.353145123815214,35.786535157419564
MEX,Mexico,1992,12.744405878015767,3.91472559178737,376.656148993408,26.61934569064489,15.256744442975048,20.29675146113697,35.55349590411202
MEX,Mexico,1993,12.740932237711002,3.83170061738395,368.16882711427803,26.72268741458862,11.595984682659715,14.567138875171128,26.163123557830843
MEX,Mexico,1994,12.80057084318081,3.99623948621947,374.114853760701,26.76761939611964,12.75459571252717,16.403876421631,29.15847213415817
MEX,Mexico,1995,12.751816597179676,3.74084852506128,379.937096978532,26.381696111889067,22.865926921195754,20.799904805143946,43.665831726339704
MEX,Mexico,1996,12.779528197728872,3.78099023728016,371.517635966659,26.531134960543806,24.72313195214161,23.044691581765115,47.76782353390672
MEX,Mexico,1997,12.798281562291214,3.78866764712924,354.52927534302904,26.71842387828984,23.25557214692713,23.23630342464638,46.49187557157351
MEX,Mexico,1998,12.827099292671017,3.83670186242577,347.828352680543,26.76640876193628,23.22174939516405,24.81013474485384,48.031884140017894
MEX,Mexico,1999,12.850067089074095,3.86559759359334,342.638392853233,26.899553880109057,23.416859249037376,24.595390327073133,48.012249576110506
MEX,Mexico,2000,12.855847229986903,3.83176643354514,323.281623664693,27.088750269465912,24.2311734715837,25.679235722779236,49.910409194362934
MEX,Mexico,2001,12.883102585854818,3.88440298206023,332.736296722465,27.156354852922593,21.541210202139254,23.198898804162262,44.740109006301516
MEX,Mexico,2002,12.875903063396557,3.80751609067208,327.64080102833,27.198814995717825,21.85176192084599,23.358067333030455,45.20982925387645
MEX,Mexico,2003,12.904377042260325,3.86966577313406,332.608824698679,27.27480987150311,23.655593509055265,25.04482337178276,48.70041688083802
MEX,Mexico,2004,12.91339277861947,3.85743585319258,322.546855590316,27.356291427576846,25.10335600800549,26.937264025557674,52.040620033563165
MEX,Mexico,2005,12.977720567852721,4.06320809097673,333.293972633335,27.467263142201798,25.487073828511402,27.075570823277182,52.56264465178859
MEX,Mexico,2006,12.998280871684859,4.09563146688413,323.554006079752,27.582121197810483,26.554748170575927,27.927367918041018,54.48211608861695
MEX,Mexico,2007,13.016692204608681,4.1188163754923,319.16081322579697,27.666320228973497,26.781061327925737,28.477463066524088,55.25852439444982
MEX,Mexico,2008,13.072823464943875,4.30123665474621,332.596669105463,27.72284918109066,27.020061234520227,29.345220651737115,56.36528188625734
MEX,Mexico,2009,12.723626597743122,1.9032689642236051,232.3452406152835,27.506349556518906,26.5132697232887,28.07847240806155,54.59174213135025
MEX,Mexico,2010,14.45055307433647,3.397781177878485,735.2016378219786,27.66991631033959,29.01746011549926,30.255924413885875,59.27338452938514
RUS,Russian Federation,1990,13.568315694398292,1.519706323783495,429.384980920676,26.9709493793894,18.162061471592672,17.94473765911208,36.10679913070475
RUS,Russian Federation,1991,13.568315694398292,1.519706323783495,429.384980920676,26.95646335429227,13.271362173757598,12.985341437254199,26.256703611011798
RUS,Russian Federation,1992,14.613342265152937,14.9353384043204,1461.5250681111002,26.854938780505773,62.3224618621778,48.254602840610204,110.57706470278801
RUS,Russian Federation,1993,14.523560734165764,13.6683894290331,1462.83130810234,26.798750073405515,38.20459448428663,30.493848755174625,68.69844323946126
RUS,Russian Federation,1994,14.376838222088894,11.8177539437493,1444.8134597007202,26.70237070654365,27.75837904216128,23.19533360622186,50.95371264838314
RUS,Russian Federation,1995,14.34163722384303,11.4240116105602,1455.13316998896,26.70348865355911,29.2890113495619,25.89389411616383,55.182905465725725
RUS,Russian Federation,1996,14.32771006332259,11.2966653557964,1488.59726858274,26.693816690181258,26.07298813029083,21.84951268912815,47.922500819418985
RUS,Russian Federation,1997,14.271056227162806,10.7059800616412,1387.18637454333,26.726971490413348,24.729841529228853,22.527079880845964,47.25692141007482
RUS,Russian Federation,1998,14.228460722348018,10.2878148183446,1403.7373082398099,26.32521164267545,31.221205473179996,24.551047811796593,55.772253284976586
RUS,Russian Federation,1999,14.243552740375048,10.4863733468208,1339.36391747629,26.000899603365298,43.21996851282444,26.17331298598751,69.39328149881194
RUS,Russian Federation,2000,14.255989600820596,10.6180407100333,1232.84128522719,26.28282567078012,44.060441305514615,24.033465731840863,68.09390703735548
RUS,Russian Federation,2001,14.250149100218103,10.5817688372502,1166.27530638743,26.448818524742432,36.893493596033736,24.217365068386915,61.11085866442065
RUS,Russian Federation,2002,14.245470144564,10.5794815933372,1108.25895600019,26.56713031490809,35.212594063062646,24.43285166889802,59.64544573196066
RUS,Russian Federation,2003,14.276093962769357,10.961303425702,1065.02073384458,26.787859487903358,35.24998177578062,23.878287231820806,59.128269007601425
RUS,Russian Federation,2004,14.287364377052699,11.1433283888302,1004.9753347999899,27.10511009548154,34.41789105545975,22.163961342945797,56.581852398405545
RUS,Russian Federation,2005,14.295268872069313,11.2866494376528,952.234390491973,27.361834805641788,35.20306596511812,21.510182525424074,56.7132484905422
RUS,Russian Federation,2006,14.328096692122024,11.7165153333333,909.8305138786579,27.620900618299306,33.730475443976204,21.0029264232898,54.733401867266004
RUS,Russian Federation,2007,14.326881383480776,11.7352257846587,837.2642825425099,27.893159020028065,30.164060484536996,21.54206226092363,51.706122745460625
RUS,Russian Federation,2008,14.351216084878226,12.0370082282494,815.11208328649,28.13834846042026,31.309560333568875,22.072905707321958,53.38246604089083
RUS,Russian Federation,2009,14.332839383897914,1.4811152551367899,541.7866880944975,27.83150290113063,27.938101204152066,20.496959823666003,48.435061027818065
RUS,Russian Federation,2010,14.524189156197107,2.41303462509424,569.6749893203105,28.022941111155788,29.215560784975786,21.139944702283117,50.3555054872589
USA,United States,1990,15.400527943019464,19.5469816723619,612.256252574382,29.380360091494847,9.254732067513379,10.560335286218143,19.81506735373152
USA,United States,1991,15.398653373125,19.2513984923769,612.716458401764,29.411163365816414,9.660905122318809,10.125543001778626,19.786448124097433
USA,United States,1992,15.399837047884368,19.0087333751764,593.2386251817239,29.465488799644973,9.708914905648138,10.24167959674415,19.95059450239229
USA,United States,1993,15.457896679774327,19.8811362847656,611.14613865963,29.515496493656343,9.54718039168286,10.497438310292294,20.044618701975153
USA,United States,1994,15.469381821808419,19.865678374619,593.7746625753309,29.575973663773,9.893147415563321,11.162311746181954,21.055459161745276
USA,United States,1995,15.471444284367681,19.6710523175028,580.210736741517,29.62414195114186,10.639223880260989,11.814157768795807,22.453381649056794
USA,United States,1996,15.491393684453664,19.8353046578617,570.3152882674531,29.678855884705786,10.746635564283558,11.94043642595764,22.6870719902412
USA,United States,1997,15.52050687611937,20.1768720847072,561.845399196773,29.742021884849454,11.119757711757387,12.308570090860423,23.428327802617808
USA,United States,1998,15.510956915436516,19.7534843032909,533.047459837843,29.799045715526898,10.515262528196255,12.310631451567431,22.825893979763684
USA,United States,1999,15.52536363031733,19.8113144352064,515.671126628314,29.861143037188878,10.309337222925725,13.004232506698044,23.31356972962377
USA,United States,2000,15.522510551858748,19.5356003253335,493.602032110643,29.9234346536011,10.69277272979134,14.410212827062304,25.102985556853646
USA,United States,2001,15.500042760794585,18.9065916087301,477.415804573246,29.956726854913306,9.703448208733965,13.263734806763491,22.967183015497454
USA,United States,2002,15.508888123169998,18.8941651332157,473.014004819854,29.990950161104795,9.13138565379718,13.154998559809272,22.286384213606453
USA,United States,2003,15.515109851860476,18.8469320246895,464.34548997875504,30.036992777628406,9.035652405413543,13.591644881267758,22.6272972866813
USA,United States,2004,15.531791841801985,18.9860969062878,455.817515076971,30.100162477388142,9.62874787307988,14.819308784110527,24.448056657190406
USA,United States,2005,15.537447875519023,18.9190234959578,444.792638616183,30.1631055195397,9.982056410375579,15.656500933301338,25.638557343676915
USA,United States,2006,15.522941526433263,18.469206012867,426.969103016844,30.221503258265187,10.641389509223027,16.333896296667323,26.97528580589035
USA,United States,2007,15.534974750369674,18.507649820943,423.906692690724,30.269721238895965,11.463789295014559,16.548226268095263,28.01201556310982
USA,United States,2008,15.513144997886297,17.9417289330595,414.83825397755396,30.29106384647675,12.425843924608097,17.441943601097964,29.867787525706063
USA,United States,2009,15.524119440206956,18.22468937700125,419.372473334139,30.273209253730887,10.932219059353711,13.827308576483311,24.759527635837024
USA,United States,2010,15.524119440206956,18.22468937700125,419.372473334139,30.310836438015976,12.341355432208621,15.878527508625009,28.219882940833628
VEN,"Venezuela, RB",1990,11.713106897126242,6.18543989873418,646.069312076592,24.57399855223199,38.175316473190215,19.531900909987932,57.70721738317815
VEN,"Venezuela, RB",1991,11.656513357316756,5.71574129821261,556.3856431812541,24.669388059639598,30.34018196591135,25.379457789518455,55.7196397554298
VEN,"Venezuela, RB",1992,11.570001435411813,5.12481843264437,481.117001443631,24.791785770051877,25.501489416754225,27.974649780720384,53.47613919747461
VEN,"Venezuela, RB",1993,11.730898102121662,5.88775645092562,563.550561917222,24.785561531910346,26.08726814539973,26.302917378618577,52.39018552401831
VEN,"Venezuela, RB",1994,11.774885640112316,6.02082560348422,603.0620447425899,24.758035613654833,29.866076430530715,21.578737574309766,51.44481400484048
VEN,"Venezuela, RB",1995,11.79988311008788,6.04440312117225,594.821720283126,25.03926941154901,26.231262356888795,21.111080584488057,47.342342941376856
VEN,"Venezuela, RB",1996,11.717928059648562,5.4551962047818,549.103535937472,24.94656910723713,35.33430587367579,20.638121914626296,55.972427788302085
VEN,"Venezuela, RB",1997,11.80531775690076,5.83487277320441,563.357578702571,25.17572048022392,29.259010606999936,21.986025799539956,51.245036406539896
VEN,"Venezuela, RB",1998,12.02767264736396,7.14652300004271,701.5787910963301,25.23783868816877,20.920486481036008,22.678906452400636,43.59939293343665
VEN,"Venezuela, RB",1999,12.058828756316366,7.23244190723593,769.738231739852,25.307969366873873,22.91170890022007,19.158521584103696,42.070230484323766
VEN,"Venezuela, RB",2000,11.934363576061726,6.26939196248612,655.48754137052,25.486700639469795,29.744219659782758,18.113001893198042,47.8572215529808
VEN,"Venezuela, RB",2001,12.058297525228982,6.96648560468403,717.6157186633479,25.53471605787817,22.735631565164844,19.40563645219714,42.14126801736198
VEN,"Venezuela, RB",2002,12.171801547994624,7.66304127676447,881.975150206898,25.254677387960495,30.433570549214473,18.142140100192353,48.57571064940683
VEN,"Venezuela, RB",2003,12.165787637015457,7.48239966503077,950.3927574890671,25.14957476940751,33.853389408439604,16.723617969754454,50.577007378194054
VEN,"Venezuela, RB",2004,12.033376396478069,6.44079419757339,703.820761618464,25.44578696901347,36.19835356721039,19.169102035111564,55.367455602321954
VEN,"Venezuela, RB",2005,11.98032679241384,6.00459694472664,605.029963220672,25.70353463164443,39.658652743625204,20.468677012516967,60.127329756142174
VEN,"Venezuela, RB",2006,11.942080810287646,5.68221530834967,530.004118707635,25.935358001700248,36.51862160794366,22.146969950516624,58.66559155846028
VEN,"Venezuela, RB",2007,12.004907869141253,5.95115285813048,521.831771763078,26.146176358835685,31.13053885970774,25.06855662218319,56.199095481890936
VEN,"Venezuela, RB",2008,12.040801367086804,6.06882921066762,516.218292905667,26.463478645770635,30.821669005725923,21.007343373267243,51.82901237899317
VEN,"Venezuela, RB",2009,13.178091113256857,2.894306841588158,526.088047925319,26.510571063445,18.071518869578938,20.449410788750814,38.52092965832975
VEN,"Venezuela, RB",2010,13.323612858792131,1.2420550766613299,445.88800131032804,26.683888827368325,28.53040698801926,17.60648653600103,46.13689352402029
